{
    "complete blood count": {
        "tube": "lavender",
        "amount": 1,
        "info": ""
    },
    "basic metabolic panel": {
        "tube": "gold",
        "amount": 1,
        "info": ""
    },
    "lipid panel": {
        "tube": "gold",
        "amount": 2,
        "info": ""
    },
    "hepatic function panel": {
        "tube": "gold",
        "amount": 1,
        "info": ""
    },
    "vitamin b12 level": {
        "tube": "gold",
        "amount": 4,
        "info": ""
    },
    "alcohol panel": {
        "tube": "royal blue",
        "amount": 7,
        "info": "don't prep the patient with an alcohol swab"
    },
    "fructosamine": {
        "tube": "gold",
        "amount": 4,
        "info": ""
    },
    "transferrin": {
        "tube": "gold",
        "amount": 2,
        "info": ""
    }
}
